<Anims>
 <anim name="idle" root="book_exaid_onbank" numframes="400" framerate="40">
  <frame idx="0" w="260" h="236" x="20.000023" y="42.999924">
   <element name="book_exaid_onbank" layername="book_exaid_onbank" frame="0" z_index="1" m_a="1.000000" m_b="0.000000" m_c="0.000000" m_d="1.000000" m_tx="2.070039" m_ty="18.097277"/>
  </frame>
  <frame idx="25" w="260" h="236" x="20.000023" y="42.999924">
   <element name="book_exaid_onbank" layername="book_exaid_onbank" frame="0" z_index="1" m_a="1.000000" m_b="0.000000" m_c="0.000000" m_d="1.000000" m_tx="2.070039" m_ty="18.097277"/>
  </frame>
  <frame idx="50" w="260" h="236" x="20.000023" y="42.999924">
   <element name="book_exaid_onbank" layername="book_exaid_onbank" frame="0" z_index="1" m_a="1.000000" m_b="0.000000" m_c="0.000000" m_d="1.000000" m_tx="2.070039" m_ty="18.097277"/>
  </frame>
  <frame idx="75" w="260" h="236" x="20.000023" y="42.999924">
   <element name="book_exaid_onbank" layername="book_exaid_onbank" frame="0" z_index="1" m_a="1.000000" m_b="0.000000" m_c="0.000000" m_d="1.000000" m_tx="2.070039" m_ty="18.097277"/>
  </frame>
  <frame idx="100" w="260" h="236" x="20.000023" y="42.999924">
   <element name="book_exaid_onbank" layername="book_exaid_onbank" frame="0" z_index="1" m_a="1.000000" m_b="0.000000" m_c="0.000000" m_d="1.000000" m_tx="2.070039" m_ty="18.097277"/>
  </frame>
  <frame idx="125" w="260" h="236" x="20.000023" y="42.999924">
   <element name="book_exaid_onbank" layername="book_exaid_onbank" frame="0" z_index="1" m_a="1.000000" m_b="0.000000" m_c="0.000000" m_d="1.000000" m_tx="2.070039" m_ty="18.097277"/>
  </frame>
  <frame idx="150" w="260" h="236" x="20.000023" y="42.999924">
   <element name="book_exaid_onbank" layername="book_exaid_onbank" frame="0" z_index="1" m_a="1.000000" m_b="0.000000" m_c="0.000000" m_d="1.000000" m_tx="2.070039" m_ty="18.097277"/>
  </frame>
  <frame idx="175" w="260" h="236" x="20.000023" y="42.999924">
   <element name="book_exaid_onbank" layername="book_exaid_onbank" frame="0" z_index="1" m_a="1.000000" m_b="0.000000" m_c="0.000000" m_d="1.000000" m_tx="2.070039" m_ty="18.097277"/>
  </frame>
  <frame idx="200" w="260" h="236" x="20.000023" y="42.999924">
   <element name="book_exaid_onbank" layername="book_exaid_onbank" frame="0" z_index="1" m_a="1.000000" m_b="0.000000" m_c="0.000000" m_d="1.000000" m_tx="2.070039" m_ty="18.097277"/>
  </frame>
  <frame idx="225" w="260" h="236" x="20.000023" y="42.999924">
   <element name="book_exaid_onbank" layername="book_exaid_onbank" frame="0" z_index="1" m_a="1.000000" m_b="0.000000" m_c="0.000000" m_d="1.000000" m_tx="2.070039" m_ty="18.097277"/>
  </frame>
  <frame idx="250" w="260" h="236" x="20.000023" y="42.999924">
   <element name="book_exaid_onbank" layername="book_exaid_onbank" frame="0" z_index="1" m_a="1.000000" m_b="0.000000" m_c="0.000000" m_d="1.000000" m_tx="2.070039" m_ty="18.097277"/>
  </frame>
  <frame idx="275" w="260" h="236" x="20.000023" y="42.999924">
   <element name="book_exaid_onbank" layername="book_exaid_onbank" frame="0" z_index="1" m_a="1.000000" m_b="0.000000" m_c="0.000000" m_d="1.000000" m_tx="2.070039" m_ty="18.097277"/>
  </frame>
  <frame idx="300" w="260" h="236" x="20.000023" y="42.999924">
   <element name="book_exaid_onbank" layername="book_exaid_onbank" frame="0" z_index="1" m_a="1.000000" m_b="0.000000" m_c="0.000000" m_d="1.000000" m_tx="2.070039" m_ty="18.097277"/>
  </frame>
  <frame idx="325" w="260" h="236" x="20.000023" y="42.999924">
   <element name="book_exaid_onbank" layername="book_exaid_onbank" frame="0" z_index="1" m_a="1.000000" m_b="0.000000" m_c="0.000000" m_d="1.000000" m_tx="2.070039" m_ty="18.097277"/>
  </frame>
  <frame idx="350" w="260" h="236" x="20.000023" y="42.999924">
   <element name="book_exaid_onbank" layername="book_exaid_onbank" frame="0" z_index="1" m_a="1.000000" m_b="0.000000" m_c="0.000000" m_d="1.000000" m_tx="2.070039" m_ty="18.097277"/>
  </frame>
  <frame idx="375" w="260" h="236" x="20.000023" y="42.999924">
   <element name="book_exaid_onbank" layername="book_exaid_onbank" frame="0" z_index="1" m_a="1.000000" m_b="0.000000" m_c="0.000000" m_d="1.000000" m_tx="2.070039" m_ty="18.097277"/>
  </frame>
 </anim>
</Anims>
