<Anims>
 <anim name="idle" root="book_dark_onbank" numframes="400" framerate="40">
  <frame idx="0" w="261" h="223" x="19.000038" y="54.000107">
   <element name="book_dark_onbank" layername="book_dark_onbank" frame="0" z_index="1" m_a="1.000000" m_b="0.000000" m_c="0.000000" m_d="1.000000" m_tx="2.066148" m_ty="23.120623"/>
  </frame>
  <frame idx="25" w="261" h="223" x="19.000038" y="54.000107">
   <element name="book_dark_onbank" layername="book_dark_onbank" frame="0" z_index="1" m_a="1.000000" m_b="0.000000" m_c="0.000000" m_d="1.000000" m_tx="2.066148" m_ty="23.120623"/>
  </frame>
  <frame idx="50" w="261" h="223" x="19.000038" y="54.000107">
   <element name="book_dark_onbank" layername="book_dark_onbank" frame="0" z_index="1" m_a="1.000000" m_b="0.000000" m_c="0.000000" m_d="1.000000" m_tx="2.066148" m_ty="23.120623"/>
  </frame>
  <frame idx="75" w="261" h="223" x="19.000038" y="54.000107">
   <element name="book_dark_onbank" layername="book_dark_onbank" frame="0" z_index="1" m_a="1.000000" m_b="0.000000" m_c="0.000000" m_d="1.000000" m_tx="2.066148" m_ty="23.120623"/>
  </frame>
  <frame idx="100" w="261" h="223" x="19.000038" y="54.000107">
   <element name="book_dark_onbank" layername="book_dark_onbank" frame="0" z_index="1" m_a="1.000000" m_b="0.000000" m_c="0.000000" m_d="1.000000" m_tx="2.066148" m_ty="23.120623"/>
  </frame>
  <frame idx="125" w="262" h="225" x="18.880043" y="52.800117">
   <element name="book_dark_onbank" layername="book_dark_onbank" frame="0" z_index="1" m_a="1.000000" m_b="0.000000" m_c="0.000000" m_d="1.000000" m_tx="1.946148" m_ty="21.920630"/>
  </frame>
  <frame idx="150" w="262" h="228" x="18.546707" y="49.466805">
   <element name="book_dark_onbank" layername="book_dark_onbank" frame="0" z_index="1" m_a="1.000000" m_b="0.000000" m_c="0.000000" m_d="1.000000" m_tx="1.612815" m_ty="18.587317"/>
  </frame>
  <frame idx="175" w="262" h="231" x="18.213371" y="46.133492">
   <element name="book_dark_onbank" layername="book_dark_onbank" frame="0" z_index="1" m_a="1.000000" m_b="0.000000" m_c="0.000000" m_d="1.000000" m_tx="1.279481" m_ty="15.254004"/>
  </frame>
  <frame idx="200" w="262" h="234" x="18.043098" y="44.430786">
   <element name="book_dark_onbank" layername="book_dark_onbank" frame="0" z_index="1" m_a="1.000000" m_b="0.000000" m_c="0.000000" m_d="1.000000" m_tx="1.109210" m_ty="13.551302"/>
  </frame>
  <frame idx="225" w="262" h="233" x="18.162720" y="45.626953">
   <element name="book_dark_onbank" layername="book_dark_onbank" frame="0" z_index="1" m_a="1.000000" m_b="0.000000" m_c="0.000000" m_d="1.000000" m_tx="1.228827" m_ty="14.747469"/>
  </frame>
  <frame idx="250" w="262" h="231" x="18.282333" y="46.823120">
   <element name="book_dark_onbank" layername="book_dark_onbank" frame="0" z_index="1" m_a="1.000000" m_b="0.000000" m_c="0.000000" m_d="1.000000" m_tx="1.348445" m_ty="15.943632"/>
  </frame>
  <frame idx="275" w="262" h="229" x="18.401955" y="48.019287">
   <element name="book_dark_onbank" layername="book_dark_onbank" frame="0" z_index="1" m_a="1.000000" m_b="0.000000" m_c="0.000000" m_d="1.000000" m_tx="1.468062" m_ty="17.139799"/>
  </frame>
  <frame idx="300" w="262" h="228" x="18.521568" y="49.215446">
   <element name="book_dark_onbank" layername="book_dark_onbank" frame="0" z_index="1" m_a="1.000000" m_b="0.000000" m_c="0.000000" m_d="1.000000" m_tx="1.587679" m_ty="18.335962"/>
  </frame>
  <frame idx="325" w="262" h="227" x="18.641190" y="50.411613">
   <element name="book_dark_onbank" layername="book_dark_onbank" frame="0" z_index="1" m_a="1.000000" m_b="0.000000" m_c="0.000000" m_d="1.000000" m_tx="1.707296" m_ty="19.532129"/>
  </frame>
  <frame idx="350" w="262" h="226" x="18.760803" y="51.607780">
   <element name="book_dark_onbank" layername="book_dark_onbank" frame="0" z_index="1" m_a="1.000000" m_b="0.000000" m_c="0.000000" m_d="1.000000" m_tx="1.826914" m_ty="20.728292"/>
  </frame>
  <frame idx="375" w="262" h="225" x="18.880424" y="52.803940">
   <element name="book_dark_onbank" layername="book_dark_onbank" frame="0" z_index="1" m_a="1.000000" m_b="0.000000" m_c="0.000000" m_d="1.000000" m_tx="1.946531" m_ty="21.924458"/>
  </frame>
 </anim>
</Anims>
