<Anims>
 <anim name="idle" root="book_season_onbank" numframes="400" framerate="40">
  <frame idx="0" w="260" h="228" x="20.000000" y="49.000015">
   <element name="book_season_onbank" layername="book_season_onbank" frame="0" z_index="1" m_a="1.000000" m_b="0.000000" m_c="0.000000" m_d="1.000000" m_tx="-107.999992" m_ty="-78.999985"/>
  </frame>
  <frame idx="25" w="260" h="228" x="20.000000" y="49.000015">
   <element name="book_season_onbank" layername="book_season_onbank" frame="0" z_index="1" m_a="1.000000" m_b="0.000000" m_c="0.000000" m_d="1.000000" m_tx="-107.999992" m_ty="-78.999985"/>
  </frame>
  <frame idx="50" w="260" h="228" x="20.000000" y="49.000015">
   <element name="book_season_onbank" layername="book_season_onbank" frame="0" z_index="1" m_a="1.000000" m_b="0.000000" m_c="0.000000" m_d="1.000000" m_tx="-107.999992" m_ty="-78.999985"/>
  </frame>
  <frame idx="75" w="260" h="228" x="20.000000" y="49.000015">
   <element name="book_season_onbank" layername="book_season_onbank" frame="0" z_index="1" m_a="1.000000" m_b="0.000000" m_c="0.000000" m_d="1.000000" m_tx="-107.999992" m_ty="-78.999985"/>
  </frame>
  <frame idx="100" w="260" h="228" x="20.000000" y="49.000015">
   <element name="book_season_onbank" layername="book_season_onbank" frame="0" z_index="1" m_a="1.000000" m_b="0.000000" m_c="0.000000" m_d="1.000000" m_tx="-107.999992" m_ty="-78.999985"/>
  </frame>
  <frame idx="125" w="260" h="228" x="20.000000" y="49.000015">
   <element name="book_season_onbank" layername="book_season_onbank" frame="0" z_index="1" m_a="1.000000" m_b="0.000000" m_c="0.000000" m_d="1.000000" m_tx="-107.999992" m_ty="-78.999985"/>
  </frame>
  <frame idx="150" w="260" h="228" x="20.000000" y="49.000015">
   <element name="book_season_onbank" layername="book_season_onbank" frame="0" z_index="1" m_a="1.000000" m_b="0.000000" m_c="0.000000" m_d="1.000000" m_tx="-107.999992" m_ty="-78.999985"/>
  </frame>
  <frame idx="175" w="260" h="228" x="20.000000" y="49.000015">
   <element name="book_season_onbank" layername="book_season_onbank" frame="0" z_index="1" m_a="1.000000" m_b="0.000000" m_c="0.000000" m_d="1.000000" m_tx="-107.999992" m_ty="-78.999985"/>
  </frame>
  <frame idx="200" w="260" h="228" x="20.000000" y="49.000015">
   <element name="book_season_onbank" layername="book_season_onbank" frame="0" z_index="1" m_a="1.000000" m_b="0.000000" m_c="0.000000" m_d="1.000000" m_tx="-107.999992" m_ty="-78.999985"/>
  </frame>
  <frame idx="225" w="260" h="228" x="20.000000" y="49.000015">
   <element name="book_season_onbank" layername="book_season_onbank" frame="0" z_index="1" m_a="1.000000" m_b="0.000000" m_c="0.000000" m_d="1.000000" m_tx="-107.999992" m_ty="-78.999985"/>
  </frame>
  <frame idx="250" w="260" h="228" x="20.000000" y="49.000015">
   <element name="book_season_onbank" layername="book_season_onbank" frame="0" z_index="1" m_a="1.000000" m_b="0.000000" m_c="0.000000" m_d="1.000000" m_tx="-107.999992" m_ty="-78.999985"/>
  </frame>
  <frame idx="275" w="260" h="228" x="20.000000" y="49.000015">
   <element name="book_season_onbank" layername="book_season_onbank" frame="0" z_index="1" m_a="1.000000" m_b="0.000000" m_c="0.000000" m_d="1.000000" m_tx="-107.999992" m_ty="-78.999985"/>
  </frame>
  <frame idx="300" w="260" h="228" x="20.000000" y="49.000015">
   <element name="book_season_onbank" layername="book_season_onbank" frame="0" z_index="1" m_a="1.000000" m_b="0.000000" m_c="0.000000" m_d="1.000000" m_tx="-107.999992" m_ty="-78.999985"/>
  </frame>
  <frame idx="325" w="260" h="228" x="20.000000" y="49.000015">
   <element name="book_season_onbank" layername="book_season_onbank" frame="0" z_index="1" m_a="1.000000" m_b="0.000000" m_c="0.000000" m_d="1.000000" m_tx="-107.999992" m_ty="-78.999985"/>
  </frame>
  <frame idx="350" w="260" h="228" x="20.000000" y="49.000015">
   <element name="book_season_onbank" layername="book_season_onbank" frame="0" z_index="1" m_a="1.000000" m_b="0.000000" m_c="0.000000" m_d="1.000000" m_tx="-107.999992" m_ty="-78.999985"/>
  </frame>
  <frame idx="375" w="260" h="228" x="20.000000" y="49.000015">
   <element name="book_season_onbank" layername="book_season_onbank" frame="0" z_index="1" m_a="1.000000" m_b="0.000000" m_c="0.000000" m_d="1.000000" m_tx="-107.999992" m_ty="-78.999985"/>
  </frame>
 </anim>
</Anims>
