<Anims>
 <anim name="idle" root="book_diary_onbank" numframes="400" framerate="40">
  <frame idx="0" w="261" h="226" x="19.000031" y="51.000092">
   <element name="book_diary_onbank" layername="book_diary_onbank" frame="0" z_index="1" m_a="1.000000" m_b="0.000000" m_c="0.000000" m_d="1.000000" m_tx="-108.999977" m_ty="-76.999908"/>
  </frame>
  <frame idx="25" w="261" h="226" x="19.000031" y="51.000092">
   <element name="book_diary_onbank" layername="book_diary_onbank" frame="0" z_index="1" m_a="1.000000" m_b="0.000000" m_c="0.000000" m_d="1.000000" m_tx="-108.999977" m_ty="-76.999908"/>
  </frame>
  <frame idx="50" w="261" h="226" x="19.000031" y="51.000092">
   <element name="book_diary_onbank" layername="book_diary_onbank" frame="0" z_index="1" m_a="1.000000" m_b="0.000000" m_c="0.000000" m_d="1.000000" m_tx="-108.999977" m_ty="-76.999908"/>
  </frame>
  <frame idx="75" w="261" h="226" x="19.000031" y="51.000092">
   <element name="book_diary_onbank" layername="book_diary_onbank" frame="0" z_index="1" m_a="1.000000" m_b="0.000000" m_c="0.000000" m_d="1.000000" m_tx="-108.999977" m_ty="-76.999908"/>
  </frame>
  <frame idx="100" w="261" h="226" x="19.000031" y="51.000092">
   <element name="book_diary_onbank" layername="book_diary_onbank" frame="0" z_index="1" m_a="1.000000" m_b="0.000000" m_c="0.000000" m_d="1.000000" m_tx="-108.999977" m_ty="-76.999908"/>
  </frame>
  <frame idx="125" w="261" h="226" x="19.000031" y="51.000092">
   <element name="book_diary_onbank" layername="book_diary_onbank" frame="0" z_index="1" m_a="1.000000" m_b="0.000000" m_c="0.000000" m_d="1.000000" m_tx="-108.999977" m_ty="-76.999908"/>
  </frame>
  <frame idx="150" w="261" h="226" x="19.000031" y="51.000092">
   <element name="book_diary_onbank" layername="book_diary_onbank" frame="0" z_index="1" m_a="1.000000" m_b="0.000000" m_c="0.000000" m_d="1.000000" m_tx="-108.999977" m_ty="-76.999908"/>
  </frame>
  <frame idx="175" w="261" h="226" x="19.000031" y="51.000092">
   <element name="book_diary_onbank" layername="book_diary_onbank" frame="0" z_index="1" m_a="1.000000" m_b="0.000000" m_c="0.000000" m_d="1.000000" m_tx="-108.999977" m_ty="-76.999908"/>
  </frame>
  <frame idx="200" w="261" h="226" x="19.000031" y="51.000092">
   <element name="book_diary_onbank" layername="book_diary_onbank" frame="0" z_index="1" m_a="1.000000" m_b="0.000000" m_c="0.000000" m_d="1.000000" m_tx="-108.999977" m_ty="-76.999908"/>
  </frame>
  <frame idx="225" w="261" h="226" x="19.000031" y="51.000092">
   <element name="book_diary_onbank" layername="book_diary_onbank" frame="0" z_index="1" m_a="1.000000" m_b="0.000000" m_c="0.000000" m_d="1.000000" m_tx="-108.999977" m_ty="-76.999908"/>
  </frame>
  <frame idx="250" w="261" h="226" x="19.000031" y="51.000092">
   <element name="book_diary_onbank" layername="book_diary_onbank" frame="0" z_index="1" m_a="1.000000" m_b="0.000000" m_c="0.000000" m_d="1.000000" m_tx="-108.999977" m_ty="-76.999908"/>
  </frame>
  <frame idx="275" w="261" h="226" x="19.000031" y="51.000092">
   <element name="book_diary_onbank" layername="book_diary_onbank" frame="0" z_index="1" m_a="1.000000" m_b="0.000000" m_c="0.000000" m_d="1.000000" m_tx="-108.999977" m_ty="-76.999908"/>
  </frame>
  <frame idx="300" w="261" h="226" x="19.000031" y="51.000092">
   <element name="book_diary_onbank" layername="book_diary_onbank" frame="0" z_index="1" m_a="1.000000" m_b="0.000000" m_c="0.000000" m_d="1.000000" m_tx="-108.999977" m_ty="-76.999908"/>
  </frame>
  <frame idx="325" w="261" h="226" x="19.000031" y="51.000092">
   <element name="book_diary_onbank" layername="book_diary_onbank" frame="0" z_index="1" m_a="1.000000" m_b="0.000000" m_c="0.000000" m_d="1.000000" m_tx="-108.999977" m_ty="-76.999908"/>
  </frame>
  <frame idx="350" w="261" h="226" x="19.000031" y="51.000092">
   <element name="book_diary_onbank" layername="book_diary_onbank" frame="0" z_index="1" m_a="1.000000" m_b="0.000000" m_c="0.000000" m_d="1.000000" m_tx="-108.999977" m_ty="-76.999908"/>
  </frame>
  <frame idx="375" w="261" h="226" x="19.000031" y="51.000092">
   <element name="book_diary_onbank" layername="book_diary_onbank" frame="0" z_index="1" m_a="1.000000" m_b="0.000000" m_c="0.000000" m_d="1.000000" m_tx="-108.999977" m_ty="-76.999908"/>
  </frame>
 </anim>
</Anims>
